MethodDescription,MethodLink
Water temperature measured using a Forest Technology Systems DTS-12 turbidity sensor.,http://www.ftsinc.com/
Turbidity measured using a Forest Technology Systems DTS-12  turbidity sensor.,http://www.ftsinc.com/
"Water level measured using a ACData Solutions, Inc. SPXD-600 SDI-12 Pressure Transducer",http://www.campbellsci.com/cs445-l
Battery voltage measured by Campbell Scientific CR206 datalogger.,http://www.campbellsci.com
Air temperature measured using a Campbell Scientific CS215 temperature and relative humidity sensor.,http://www.campbellsci.com/
Relative humidity measured using a Campbell Scientific CS215 temperature and relative humidity sensor.,http://www.campbellsci.com
Precipitation measured using a Texas Electronics TE525WS tipping bucket rain gage.,http://www.campbellsci.com/te525ws-l
Wind speed measured using a 03001 R.M. Young Wind Sentry Set (anemometer and vane).,http://www.campbellsci.com/03001-wind-sentry
Wind direction measured using a 03001 R.M. Young Wind Sentry Set (anemometer and vane).,http://www.campbellsci.com/03001-wind-sentry
Barometric pressure measured using a Setra Model 278 barometric pressure sensor.,http://www.campbellsci.com/cs100
Solar radiation measured using an Apogee PYR-P pyranometer.,http://www.campbellsci.com/cs300-pyranometer
Wind speed measured using a 03001 R.M. Young Wind Sentry Set (anemometer and vane).  Daily statistics caluclated by the Campbell Scientific datalogger.,
Air temperature measured using a Campbell Scientific CS215 temperature and relative humidity sensor.  Daily statistics calculated by the Campbell Scientific datalogger.,
Relative humidity measured using a Campbell Scientific CS215 temperature and relative humidity sensor.  Daily statistics calculated by the Campbell Scientific datalogger.,
Barometric pressure measured using a Setra Model 278 barometric pressure sensor.  Daily statistics calculated by the Campbell Scientific datalogger.,
Precipitation measured using a Texas Electronics TE525WS tipping bucket raing gage.  Daily total calculated by the Campbell Scientific datalogger.,
Solar radiation measured using an Apogee PYR-P pyranometer.  Daily total flux density calculated by the Campbell Scientific datalogger.,
Water temperature measured using a Hydrolab MS5 Water Quality Multiprobe.,http://www.hydrolab.com
Dissolved oxygen measured using a Hydrolab MS5 Water Quality Multiprobe.,http://www.hydrolab.com
Specific conductance measured using a Hydrolab MS5 Water Quality Multiprobe.,http://www.hydrolab.com
pH measured using a Hydrolab MS5 Water Quality Multiprobe.,http://www.hydrolab.com
Battery voltage measured by a Campbell Scientific CR800 datalogger.,http://www.campbellsci.com
Turbidity measured using a Hydroloab MS5 Water Quality Multiprobe.,http://www.hydrolab.com
Datalogger panel temperature measured using a Campbell Scientific CR800 series datalogger.,http://www.campbellsci.com
Water chemistry grab sample collected by technicians in the field.,
USGS real time streamflow gage.,http://waterdata.usgs.gov
