SiteCode,SiteName,Latitude,Longitude,LatLongDatumID,Elevation_m,VerticalDatum,LocalX,LocalY,LocalProjectionID,PosAccuracy_m,State,County,Comments
USU-LBR-Mendon,"Little Bear River at Mendon Road near Mendon, Utah",41.718473,-111.946402,2,1345,NGVD29,421276.323,4618952.04,105,,Utah,Cache,Located below county road bridge at Mendon Road crossing
USU-LBR-Paradise,"Little Bear River at McMurdy Hollow near Paradise, Utah",41.575552,-111.855217,2,1445,NGVD29,428703.917,4603005.09,105,,Utah,Cache,Located below bridge at 8700 South (McMurdy Hollow)
USU-LBR-ExpFarm,"Utah State University Experimental Farm near Wellsville, Utah",41.666993,-111.890567,2,1369,NGVD29,425861.714,4613186.929,105,,Utah,Cache,This is a continuous weather station.
USU-LBR-SFLower,"South Fork Little Bear River below Davenport Creek near Avon, Utah",41.506518,-111.815079,2,1564,NGVD29,431977.822,4595308.471,105,,Utah,Cache,Located under a private road bridge just below the confluence with Davenport Creek.
USU-LBR-EFLower,"East Fork Little Bear River at Paradise Canal Diversion near Avon, Utah",41.529212,-111.799324,2,1528,NGVD29,433315.887,4597815.707,105,,Utah,Cache,Located on the Paradise Canal diversion structure.
USU-LBR-EFWeather,"Little Bear River Upper Weather Station near Avon, Utah",41.535543,-111.805946,2,1538,NGVD29,432770.027,4598523.785,105,,Utah,Cache,This is a continuous weather station.
USU-LBR-SFUpper,"South Fork Little Bear River above Davenport Creek near Avon, Utah",41.495409,-111.817993,2,1573,NGVD29,431977.822,4595308.471,105,,Utah,Cache,Located on the downstream side of a private footbridge on the Selman Ranch.
USU-LBR-ParadiseRepeater,"Radio Repeater near Paradise, Utah",41.556736,-111.854455,2,1693,NGVD29,428746.734,4600915.466,105,,Utah,Cache,Located on high ridge overlooking the Little Bear River.
USU-LBR-EFRepeater,"East Fork Little Bear River Radio Repeater near Avon, Utah",41.536,-111.806,2,1538,NGVD29,432770.027,4598523.785,105,,Utah,Cache,Co-located with the Little Bear River upper weather station in the East Fork.
USU-LBR-Wellsville,"Little Bear River near Wellsville, Utah",41.643457,-111.917649,2,1365,NGVD29,423579.317,4610597.583,105,,Utah,Cache,Located on the upstream side of State Highway 101 bridge.
USU-LBR-Confluence,"Little Bear River below Confluence of South and East Forks near Avon, Utah",41.536088,-111.830455,2,,,430726.0972,4598603.645,105,,Utah,Cache,Located on the downstream side of the county bridge over the Little Bear River.
10105900,"Little Bear River at Paradise, Utah",41.5756,-111.8544,2,1445,Unknown,,,,,Utah,Cache,This is a real time USGS streamflow gage.
