Organization,SourceDescription,SourceLink,ContactName,Phone,Email,Address,City,SourceState,ZipCode,Citation,MetadataID
Utah State University Utah Water Research Laboratory,Continuous water quality monitoring by Utah State University as part of the USDA CEAP Grant,http://www.bearriverinfo.org,Jeff Horsburgh,1-435-797-2946,jeff.horsburgh@usu.edu,8200 Old Main Hill,Logan,UT,84322-8200,"Continuous water quality monitoring by Jeff Horsburgh, David Stevens, Nancy Mesner and others from Utah State University as part of the USDA Conservation Effects Assessment Grant",0
Utah State University Utah Water Research Laboratory,Continuous monitoring data collected by Utah State University as part of a National Science Foundation funded test bed project.,http://water.usu.edu/littlebearriver,Jeff Horsburgh,1-435-797-2946,jeff.horsburgh@usu.edu,8200 Old Main Hill,Logan,Utah,84322-8200,"Continuous monitoring data collected by Jeff Horsburgh, David Stevens, David Tarboton, Nancy Mesner, Amber Spackman, and Sandra Gurrero at Utah State University as part of a National Science Foundation funded WATERS Network Test Bed project.",0
Utah State University Utah Water Research Laboratory,Water chemistry monitoring data collected by Utah State University as part of a National Science Foundation funded test bed project.,http://water.usu.edu/littlebearriver,Amber Spackman,1-435-797-0045,amber.s@aggiemail.usu.edu,8200 Old Main Hill,Logan,Utah,84322-8200,"Water chemistry monitoring data collected by Jeff Horsburgh, David Stevens, David Tarboton, Nancy Mesner, Amber Spackman, and Sandra Gurrero at Utah State University as part of a National Science Foundation funded WATERS Network Test Bed project.",0
Utah State University Department of Watershed Sciences,Water chemistry monitoring data collected by Utah State Univeristy as part of the USDA CEAP Grant.,http://water.usu.edu/littlebearriver,Nancy Mesner,1-435-797-7541,nancy.mesner@usu.edu,5200 Old Main Hill,Logan,Utah,84322-5200,"Water chemistry monitoring data collected by Jeff Horsburgh, David Stevens, Nancy Mesner and others from Utah State University as part of the USDA Conservation Effects Assessment Grant",0
United States Geological Survey,Real time streamflow data extracted from the USGS National Water Information System,http://waterdata.usgs.gov/nwis/uv?cb_00065=on&cb_00060=on&format=rdb&period=31&site_no=10105900,NWIS, (   )    -,h2oteam@usgs.gov,437 National Center,Reston,Virginia,20192-,Real time streamflow data extracted from the USGS National Water Information System http://waterdata.usgs.gov/nwis,0
