VariableCode,VariableName,Speciation,VariableUnitsID,SampleMedium,ValueType,IsRegular,TimeSupport,TimeUnitsID,DataType,GeneralCategory,NoDataValue
USU3,Battery voltage,Not Applicable,168,Other,Field Observation,TRUE,30,102,Minimum,Instrumentation,-9999
USU4,Turbidity,Not Applicable,221,Surface Water,Field Observation,TRUE,5,100,Average,Water Quality,-9999
USU5,Turbidity,Not Applicable,221,Surface Water,Field Observation,TRUE,5,100,Variance,Water Quality,-9999
USU6,Turbidity,Not Applicable,221,Surface Water,Field Observation,TRUE,5,100,Median,Water Quality,-9999
USU7,Turbidity,Not Applicable,221,Surface Water,Field Observation,TRUE,5,100,Best Easy Systematic Estimator,Water Quality,-9999
USU8,Turbidity,Not Applicable,221,Surface Water,Field Observation,TRUE,5,100,Minimum,Water Quality,-9999
USU9,Turbidity,Not Applicable,221,Surface Water,Field Observation,TRUE,5,100,Maximum,Water Quality,-9999
USU10,Temperature,Not Applicable,96,Surface Water,Field Observation,TRUE,0,100,Continuous,Water Quality,-9999
USU11,Gage height,Not Applicable,48,Surface Water,Field Observation,TRUE,30,102,Minimum,Hydrology,-9999
USU12,Gage height,Not Applicable,48,Surface Water,Field Observation,TRUE,30,102,Maximum,Hydrology,-9999
USU13,Gage height,Not Applicable,48,Surface Water,Field Observation,TRUE,30,102,Average,Hydrology,-9999
USU14,Temperature,Not Applicable,96,Air,Field Observation,TRUE,1,103,Average,Climate,-9999
USU15,Relative humidity,Not Applicable,1,Air,Field Observation,TRUE,1,103,Average,Climate,-9999
USU16,Precipitation,Not Applicable,54,Precipitation,Field Observation,TRUE,1,103,Incremental,Climate,-9999
USU17,Battery voltage,Not Applicable,168,Other,Field Observation,TRUE,1,103,Minimum,Instrumentation,-9999
USU18,Wind speed,Not Applicable,119,Air,Field Observation,TRUE,1,103,Average,Climate,-9999
USU19,Wind direction,Not Applicable,2,Air,Field Observation,TRUE,1,103,Average,Climate,-9999
USU20,Wind direction,Not Applicable,2,Air,Field Observation,TRUE,1,103,StandardDeviation,Climate,-9999
USU21,Barometric pressure,Not Applicable,86,Air,Field Observation,TRUE,0,100,Continuous,Climate,-9999
USU22,"Radiation, incoming shortwave",Not Applicable,33,Other,Field Observation,TRUE,1,103,Average,Climate,-9999
USU23,Battery voltage,Not Applicable,168,Other,Field Observation,TRUE,1,104,Minimum,Instrumentation,-9999
USU24,Wind speed,Not Applicable,119,Air,Field Observation,TRUE,1,104,Average,Climate,-9999
USU25,Temperature,Not Applicable,96,Air,Field Observation,TRUE,1,104,Minimum,Climate,-9999
USU26,Temperature,Not Applicable,96,Air,Field Observation,TRUE,1,104,Maximum,Climate,-9999
USU27,Temperature,Not Applicable,96,Air,Field Observation,TRUE,1,104,Average,Climate,-9999
USU28,Relative humidity,Not Applicable,1,Air,Field Observation,TRUE,1,104,Average,Climate,-9999
USU29,Barometric pressure,Not Applicable,86,Air,Field Observation,TRUE,1,104,Average,Climate,-9999
USU30,Precipitation,Not Applicable,54,Precipitation,Field Observation,TRUE,1,104,Incremental,Climate,-9999
USU31,"Radiation, incoming shortwave",Not Applicable,144,Other,Field Observation,TRUE,1,104,Incremental,Climate,-9999
USU32,"Oxygen, dissolved",Not Applicable,199,Surface Water,Field Observation,TRUE,30,102,Average,Water Quality,-9999
USU33,"Oxygen, dissolved percent of saturation",Not Applicable,1,Surface Water,Field Observation,TRUE,30,102,Average,Water Quality,-9999
USU34,Specific conductance,Not Applicable,192,Surface Water,Field Observation,TRUE,30,102,Average,Water Quality,-9999
USU35,pH,Not Applicable,137,Surface Water,Field Observation,TRUE,30,102,Average,Water Quality,-9999
USU36,Temperature,Not Applicable,96,Surface Water,Field Observation,TRUE,30,102,Average,Water Quality,-9999
USU37,Turbidity,Not Applicable,221,Surface Water,Field Observation,TRUE,30,102,Average,Water Quality,-9999
USU38,Temperature,Not Applicable,96,Other,Field Observation,TRUE,30,102,Average,Instrumentation,-9999
USU39,"Phosphorus, total",P,199,Surface Water,Sample,FALSE,0,100,Sporadic,Water Quality,-9999
USU40,"Phosphorus, total dissolved",P,199,Surface Water,Sample,FALSE,0,100,Sporadic,Water Quality,-9999
USU41,"Solids, total suspended",Not Applicable,199,Surface Water,Sample,FALSE,0,100,Sporadic,Water Quality,-9999
USU42,Gage height,Not Applicable,48,Surface Water,Field Observation,TRUE,15,102,Average,Hydrology,-9999
USU43,Discharge,Not Applicable,35,Surface Water,Field Observation,TRUE,15,102,Average,Hydrology,-9999
