<?xml version="1.0" encoding="UTF-8"?>
<GetUnitsResponse>
    <Records count="343">
        <Record>
            <UnitsID>1</UnitsID>
            <UnitsName>percent</UnitsName>
            <UnitsType>Dimensionless</UnitsType>
            <UnitsAbbreviation>%</UnitsAbbreviation>
        </Record>
        <Record>
            <UnitsID>2</UnitsID>
            <UnitsName>degree</UnitsName>
            <UnitsType>Angle</UnitsType>
            <UnitsAbbreviation>deg</UnitsAbbreviation>
        </Record>
        <Record>
            <UnitsID>3</UnitsID>
            <UnitsName>grad</UnitsName>
            <UnitsType>Angle</UnitsType>
            <UnitsAbbreviation>grad</UnitsAbbreviation>
        </Record>
        <Record>
            <UnitsID>4</UnitsID>
            <UnitsName>radian</UnitsName>
            <UnitsType>Angle</UnitsType>
            <UnitsAbbreviation>rad</UnitsAbbreviation>
        </Record>
        <Record>
            <UnitsID>5</UnitsID>
            <UnitsName>degree north</UnitsName>
            <UnitsType>Angle</UnitsType>
            <UnitsAbbreviation>degN</UnitsAbbreviation>
        </Record>
        <Record>
            <UnitsID>6</UnitsID>
            <UnitsName>degree south</UnitsName>
            <UnitsType>Angle</UnitsType>
            <UnitsAbbreviation>degS</UnitsAbbreviation>
        </Record>
        <Record>
            <UnitsID>7</UnitsID>
            <UnitsName>degree west</UnitsName>
            <UnitsType>Angle</UnitsType>
            <UnitsAbbreviation>degW</UnitsAbbreviation>
        </Record>
        <Record>
            <UnitsID>8</UnitsID>
            <UnitsName>degree east</UnitsName>
            <UnitsType>Angle</UnitsType>
            <UnitsAbbreviation>degE</UnitsAbbreviation>
        </Record>
        <Record>
            <UnitsID>9</UnitsID>
            <UnitsName>arcminute</UnitsName>
            <UnitsType>Angle</UnitsType>
            <UnitsAbbreviation>arcmin</UnitsAbbreviation>
        </Record>
        <Record>
            <UnitsID>10</UnitsID>
            <UnitsName>arcsecond</UnitsName>
            <UnitsType>Angle</UnitsType>
            <UnitsAbbreviation>arcsec</UnitsAbbreviation>
        </Record>
        <Record>
            <UnitsID>11</UnitsID>
            <UnitsName>steradian</UnitsName>
            <UnitsType>Angle</UnitsType>
            <UnitsAbbreviation>sr</UnitsAbbreviation>
        </Record>
        <Record>
            <UnitsID>12</UnitsID>
            <UnitsName>acre</UnitsName>
            <UnitsType>Area</UnitsType>
            <UnitsAbbreviation>ac</UnitsAbbreviation>
        </Record>
        <Record>
            <UnitsID>13</UnitsID>
            <UnitsName>hectare</UnitsName>
            <UnitsType>Area</UnitsType>
            <UnitsAbbreviation>ha</UnitsAbbreviation>
        </Record>
        <Record>
            <UnitsID>14</UnitsID>
            <UnitsName>square centimeter</UnitsName>
            <UnitsType>Area</UnitsType>
            <UnitsAbbreviation>cm^2</UnitsAbbreviation>
        </Record>
        <Record>
            <UnitsID>15</UnitsID>
            <UnitsName>square foot</UnitsName>
            <UnitsType>Area</UnitsType>
            <UnitsAbbreviation>ft^2</UnitsAbbreviation>
        </Record>
        <Record>
            <UnitsID>16</UnitsID>
            <UnitsName>square kilometer</UnitsName>
            <UnitsType>Area</UnitsType>
            <UnitsAbbreviation>km^2</UnitsAbbreviation>
        </Record>
        <Record>
            <UnitsID>17</UnitsID>
            <UnitsName>square meter</UnitsName>
            <UnitsType>Area</UnitsType>
            <UnitsAbbreviation>m^2</UnitsAbbreviation>
        </Record>
        <Record>
            <UnitsID>18</UnitsID>
            <UnitsName>square mile</UnitsName>
            <UnitsType>Area</UnitsType>
            <UnitsAbbreviation>mi^2</UnitsAbbreviation>
        </Record>
        <Record>
            <UnitsID>19</UnitsID>
            <UnitsName>hertz</UnitsName>
            <UnitsType>Frequency</UnitsType>
            <UnitsAbbreviation>Hz</UnitsAbbreviation>
        </Record>
        <Record>
            <UnitsID>20</UnitsID>
            <UnitsName>darcy</UnitsName>
            <UnitsType>Permeability</UnitsType>
            <UnitsAbbreviation>D</UnitsAbbreviation>
        </Record>
        <Record>
            <UnitsID>21</UnitsID>
            <UnitsName>british thermal unit</UnitsName>
            <UnitsType>Energy</UnitsType>
            <UnitsAbbreviation>BTU</UnitsAbbreviation>
        </Record>
        <Record>
            <UnitsID>22</UnitsID>
            <UnitsName>calorie</UnitsName>
            <UnitsType>Energy</UnitsType>
            <UnitsAbbreviation>cal</UnitsAbbreviation>
        </Record>
        <Record>
            <UnitsID>23</UnitsID>
            <UnitsName>erg</UnitsName>
            <UnitsType>Energy</UnitsType>
            <UnitsAbbreviation>erg</UnitsAbbreviation>
        </Record>
        <Record>
            <UnitsID>24</UnitsID>
            <UnitsName>foot pound force</UnitsName>
            <UnitsType>Energy</UnitsType>
            <UnitsAbbreviation>lbf ft</UnitsAbbreviation>
        </Record>
        <Record>
            <UnitsID>25</UnitsID>
            <UnitsName>joule</UnitsName>
            <UnitsType>Energy</UnitsType>
            <UnitsAbbreviation>J</UnitsAbbreviation>
        </Record>
        <Record>
            <UnitsID>26</UnitsID>
            <UnitsName>kilowatt hour</UnitsName>
            <UnitsType>Energy</UnitsType>
            <UnitsAbbreviation>kW hr</UnitsAbbreviation>
        </Record>
        <Record>
            <UnitsID>27</UnitsID>
            <UnitsName>electronvolt</UnitsName>
            <UnitsType>Energy</UnitsType>
            <UnitsAbbreviation>eV</UnitsAbbreviation>
        </Record>
        <Record>
            <UnitsID>28</UnitsID>
            <UnitsName>langleys per day</UnitsName>
            <UnitsType>Energy Flux</UnitsType>
            <UnitsAbbreviation>Ly/d</UnitsAbbreviation>
        </Record>
        <Record>
            <UnitsID>29</UnitsID>
            <UnitsName>langleys per minute</UnitsName>
            <UnitsType>Energy Flux</UnitsType>
            <UnitsAbbreviation>Ly/min</UnitsAbbreviation>
        </Record>
        <Record>
            <UnitsID>30</UnitsID>
            <UnitsName>langleys per second</UnitsName>
            <UnitsType>Energy Flux</UnitsType>
            <UnitsAbbreviation>Ly/s</UnitsAbbreviation>
        </Record>
        <Record>
            <UnitsID>31</UnitsID>
            <UnitsName>megajoules per square meter per day</UnitsName>
            <UnitsType>Energy Flux</UnitsType>
            <UnitsAbbreviation>MJ/m^2 d</UnitsAbbreviation>
        </Record>
        <Record>
            <UnitsID>32</UnitsID>
            <UnitsName>watts per square centimeter</UnitsName>
            <UnitsType>Energy Flux</UnitsType>
            <UnitsAbbreviation>W/cm^2</UnitsAbbreviation>
        </Record>
        <Record>
            <UnitsID>33</UnitsID>
            <UnitsName>watts per square meter</UnitsName>
            <UnitsType>Energy Flux</UnitsType>
            <UnitsAbbreviation>W/m^2</UnitsAbbreviation>
        </Record>
        <Record>
            <UnitsID>34</UnitsID>
            <UnitsName>acre feet per year</UnitsName>
            <UnitsType>Flow</UnitsType>
            <UnitsAbbreviation>ac ft/yr</UnitsAbbreviation>
        </Record>
        <Record>
            <UnitsID>35</UnitsID>
            <UnitsName>cubic feet per second</UnitsName>
            <UnitsType>Flow</UnitsType>
            <UnitsAbbreviation>cfs</UnitsAbbreviation>
        </Record>
        <Record>
            <UnitsID>36</UnitsID>
            <UnitsName>cubic meters per second</UnitsName>
            <UnitsType>Flow</UnitsType>
            <UnitsAbbreviation>m^3/s</UnitsAbbreviation>
        </Record>
        <Record>
            <UnitsID>37</UnitsID>
            <UnitsName>cubic meters per day</UnitsName>
            <UnitsType>Flow</UnitsType>
            <UnitsAbbreviation>m^3/d</UnitsAbbreviation>
        </Record>
        <Record>
            <UnitsID>38</UnitsID>
            <UnitsName>gallons per minute</UnitsName>
            <UnitsType>Flow</UnitsType>
            <UnitsAbbreviation>gpm</UnitsAbbreviation>
        </Record>
        <Record>
            <UnitsID>39</UnitsID>
            <UnitsName>liters per second</UnitsName>
            <UnitsType>Flow</UnitsType>
            <UnitsAbbreviation>L/s</UnitsAbbreviation>
        </Record>
        <Record>
            <UnitsID>40</UnitsID>
            <UnitsName>million gallons per day</UnitsName>
            <UnitsType>Flow</UnitsType>
            <UnitsAbbreviation>MGD</UnitsAbbreviation>
        </Record>
        <Record>
            <UnitsID>41</UnitsID>
            <UnitsName>dyne</UnitsName>
            <UnitsType>Force</UnitsType>
            <UnitsAbbreviation>dyn</UnitsAbbreviation>
        </Record>
        <Record>
            <UnitsID>42</UnitsID>
            <UnitsName>kilogram force</UnitsName>
            <UnitsType>Force</UnitsType>
            <UnitsAbbreviation>kgf</UnitsAbbreviation>
        </Record>
        <Record>
            <UnitsID>43</UnitsID>
            <UnitsName>newton</UnitsName>
            <UnitsType>Force</UnitsType>
            <UnitsAbbreviation>N</UnitsAbbreviation>
        </Record>
        <Record>
            <UnitsID>44</UnitsID>
            <UnitsName>pound force</UnitsName>
            <UnitsType>Force</UnitsType>
            <UnitsAbbreviation>lbf</UnitsAbbreviation>
        </Record>
        <Record>
            <UnitsID>45</UnitsID>
            <UnitsName>kilo pound force</UnitsName>
            <UnitsType>Force</UnitsType>
            <UnitsAbbreviation>kip</UnitsAbbreviation>
        </Record>
        <Record>
            <UnitsID>46</UnitsID>
            <UnitsName>ounce force</UnitsName>
            <UnitsType>Force</UnitsType>
            <UnitsAbbreviation>ozf</UnitsAbbreviation>
        </Record>
        <Record>
            <UnitsID>47</UnitsID>
            <UnitsName>centimeter </UnitsName>
            <UnitsType>Length</UnitsType>
            <UnitsAbbreviation>cm</UnitsAbbreviation>
        </Record>
        <Record>
            <UnitsID>48</UnitsID>
            <UnitsName>international foot</UnitsName>
            <UnitsType>Length</UnitsType>
            <UnitsAbbreviation>ft</UnitsAbbreviation>
        </Record>
        <Record>
            <UnitsID>49</UnitsID>
            <UnitsName>international inch</UnitsName>
            <UnitsType>Length</UnitsType>
            <UnitsAbbreviation>in</UnitsAbbreviation>
        </Record>
        <Record>
            <UnitsID>50</UnitsID>
            <UnitsName>international yard</UnitsName>
            <UnitsType>Length</UnitsType>
            <UnitsAbbreviation>yd</UnitsAbbreviation>
        </Record>
        <Record>
            <UnitsID>51</UnitsID>
            <UnitsName>kilometer</UnitsName>
            <UnitsType>Length</UnitsType>
            <UnitsAbbreviation>km</UnitsAbbreviation>
        </Record>
        <Record>
            <UnitsID>52</UnitsID>
            <UnitsName>meter</UnitsName>
            <UnitsType>Length</UnitsType>
            <UnitsAbbreviation>m</UnitsAbbreviation>
        </Record>
        <Record>
            <UnitsID>53</UnitsID>
            <UnitsName>international mile</UnitsName>
            <UnitsType>Length</UnitsType>
            <UnitsAbbreviation>mi</UnitsAbbreviation>
        </Record>
        <Record>
            <UnitsID>54</UnitsID>
            <UnitsName>millimeter</UnitsName>
            <UnitsType>Length</UnitsType>
            <UnitsAbbreviation>mm</UnitsAbbreviation>
        </Record>
        <Record>
            <UnitsID>55</UnitsID>
            <UnitsName>micron</UnitsName>
            <UnitsType>Length</UnitsType>
            <UnitsAbbreviation>um</UnitsAbbreviation>
        </Record>
        <Record>
            <UnitsID>56</UnitsID>
            <UnitsName>angstrom</UnitsName>
            <UnitsType>Length</UnitsType>
            <UnitsAbbreviation>Å</UnitsAbbreviation>
        </Record>
        <Record>
            <UnitsID>57</UnitsID>
            <UnitsName>femtometer</UnitsName>
            <UnitsType>Length</UnitsType>
            <UnitsAbbreviation>fm</UnitsAbbreviation>
        </Record>
        <Record>
            <UnitsID>58</UnitsID>
            <UnitsName>nautical mile</UnitsName>
            <UnitsType>Length</UnitsType>
            <UnitsAbbreviation>nmi</UnitsAbbreviation>
        </Record>
        <Record>
            <UnitsID>59</UnitsID>
            <UnitsName>lumen</UnitsName>
            <UnitsType>Light</UnitsType>
            <UnitsAbbreviation>lm</UnitsAbbreviation>
        </Record>
        <Record>
            <UnitsID>60</UnitsID>
            <UnitsName>lux</UnitsName>
            <UnitsType>Light</UnitsType>
            <UnitsAbbreviation>lx</UnitsAbbreviation>
        </Record>
        <Record>
            <UnitsID>61</UnitsID>
            <UnitsName>lambert</UnitsName>
            <UnitsType>Light</UnitsType>
            <UnitsAbbreviation>La</UnitsAbbreviation>
        </Record>
        <Record>
            <UnitsID>62</UnitsID>
            <UnitsName>stilb</UnitsName>
            <UnitsType>Light</UnitsType>
            <UnitsAbbreviation>sb</UnitsAbbreviation>
        </Record>
        <Record>
            <UnitsID>63</UnitsID>
            <UnitsName>phot</UnitsName>
            <UnitsType>Light</UnitsType>
            <UnitsAbbreviation>ph</UnitsAbbreviation>
        </Record>
        <Record>
            <UnitsID>64</UnitsID>
            <UnitsName>langley</UnitsName>
            <UnitsType>Light</UnitsType>
            <UnitsAbbreviation>Ly</UnitsAbbreviation>
        </Record>
        <Record>
            <UnitsID>65</UnitsID>
            <UnitsName>gram</UnitsName>
            <UnitsType>Mass</UnitsType>
            <UnitsAbbreviation>g</UnitsAbbreviation>
        </Record>
        <Record>
            <UnitsID>66</UnitsID>
            <UnitsName>kilogram</UnitsName>
            <UnitsType>Mass</UnitsType>
            <UnitsAbbreviation>kg</UnitsAbbreviation>
        </Record>
        <Record>
            <UnitsID>67</UnitsID>
            <UnitsName>milligram</UnitsName>
            <UnitsType>Mass</UnitsType>
            <UnitsAbbreviation>mg</UnitsAbbreviation>
        </Record>
        <Record>
            <UnitsID>68</UnitsID>
            <UnitsName>microgram</UnitsName>
            <UnitsType>Mass</UnitsType>
            <UnitsAbbreviation>ug</UnitsAbbreviation>
        </Record>
        <Record>
            <UnitsID>69</UnitsID>
            <UnitsName>pound mass (avoirdupois)</UnitsName>
            <UnitsType>Mass</UnitsType>
            <UnitsAbbreviation>lb</UnitsAbbreviation>
        </Record>
        <Record>
            <UnitsID>70</UnitsID>
            <UnitsName>slug</UnitsName>
            <UnitsType>Mass</UnitsType>
            <UnitsAbbreviation>slug</UnitsAbbreviation>
        </Record>
        <Record>
            <UnitsID>71</UnitsID>
            <UnitsName>metric ton</UnitsName>
            <UnitsType>Mass</UnitsType>
            <UnitsAbbreviation>tonne</UnitsAbbreviation>
        </Record>
        <Record>
            <UnitsID>72</UnitsID>
            <UnitsName>grain</UnitsName>
            <UnitsType>Mass</UnitsType>
            <UnitsAbbreviation>grain</UnitsAbbreviation>
        </Record>
        <Record>
            <UnitsID>73</UnitsID>
            <UnitsName>carat</UnitsName>
            <UnitsType>Mass</UnitsType>
            <UnitsAbbreviation>car</UnitsAbbreviation>
        </Record>
        <Record>
            <UnitsID>74</UnitsID>
            <UnitsName>atomic mass unit</UnitsName>
            <UnitsType>Mass</UnitsType>
            <UnitsAbbreviation>amu</UnitsAbbreviation>
        </Record>
        <Record>
            <UnitsID>75</UnitsID>
            <UnitsName>short ton</UnitsName>
            <UnitsType>Mass</UnitsType>
            <UnitsAbbreviation>ton</UnitsAbbreviation>
        </Record>
        <Record>
            <UnitsID>76</UnitsID>
            <UnitsName>BTU per hour</UnitsName>
            <UnitsType>Power</UnitsType>
            <UnitsAbbreviation>BTU/hr</UnitsAbbreviation>
        </Record>
        <Record>
            <UnitsID>77</UnitsID>
            <UnitsName>foot pound force per second</UnitsName>
            <UnitsType>Power</UnitsType>
            <UnitsAbbreviation>lbf/s</UnitsAbbreviation>
        </Record>
        <Record>
            <UnitsID>78</UnitsID>
            <UnitsName>horse power (shaft)</UnitsName>
            <UnitsType>Power</UnitsType>
            <UnitsAbbreviation>hp</UnitsAbbreviation>
        </Record>
        <Record>
            <UnitsID>79</UnitsID>
            <UnitsName>kilowatt</UnitsName>
            <UnitsType>Power</UnitsType>
            <UnitsAbbreviation>kW</UnitsAbbreviation>
        </Record>
        <Record>
            <UnitsID>80</UnitsID>
            <UnitsName>watt</UnitsName>
            <UnitsType>Power</UnitsType>
            <UnitsAbbreviation>W</UnitsAbbreviation>
        </Record>
        <Record>
            <UnitsID>81</UnitsID>
            <UnitsName>voltampere</UnitsName>
            <UnitsType>Power</UnitsType>
            <UnitsAbbreviation>VA</UnitsAbbreviation>
        </Record>
        <Record>
            <UnitsID>82</UnitsID>
            <UnitsName>atmospheres</UnitsName>
            <UnitsType>Pressure/Stress</UnitsType>
            <UnitsAbbreviation>atm</UnitsAbbreviation>
        </Record>
        <Record>
            <UnitsID>83</UnitsID>
            <UnitsName>pascal</UnitsName>
            <UnitsType>Pressure/Stress</UnitsType>
            <UnitsAbbreviation>Pa</UnitsAbbreviation>
        </Record>
        <Record>
            <UnitsID>84</UnitsID>
            <UnitsName>inch of mercury</UnitsName>
            <UnitsType>Pressure/Stress</UnitsType>
            <UnitsAbbreviation>inch Hg</UnitsAbbreviation>
        </Record>
        <Record>
            <UnitsID>85</UnitsID>
            <UnitsName>inch of water</UnitsName>
            <UnitsType>Pressure/Stress</UnitsType>
            <UnitsAbbreviation>inch H2O</UnitsAbbreviation>
        </Record>
        <Record>
            <UnitsID>86</UnitsID>
            <UnitsName>millimeter of mercury</UnitsName>
            <UnitsType>Pressure/Stress</UnitsType>
            <UnitsAbbreviation>mm Hg</UnitsAbbreviation>
        </Record>
        <Record>
            <UnitsID>87</UnitsID>
            <UnitsName>millimeter of water</UnitsName>
            <UnitsType>Pressure/Stress</UnitsType>
            <UnitsAbbreviation>mm H2O</UnitsAbbreviation>
        </Record>
        <Record>
            <UnitsID>88</UnitsID>
            <UnitsName>centimeter of mercury</UnitsName>
            <UnitsType>Pressure/Stress</UnitsType>
            <UnitsAbbreviation>cm Hg</UnitsAbbreviation>
        </Record>
        <Record>
            <UnitsID>89</UnitsID>
            <UnitsName>centimeter of water</UnitsName>
            <UnitsType>Pressure/Stress</UnitsType>
            <UnitsAbbreviation>cm H2O</UnitsAbbreviation>
        </Record>
        <Record>
            <UnitsID>90</UnitsID>
            <UnitsName>millibar</UnitsName>
            <UnitsType>Pressure/Stress</UnitsType>
            <UnitsAbbreviation>mbar</UnitsAbbreviation>
        </Record>
        <Record>
            <UnitsID>91</UnitsID>
            <UnitsName>pound force per square inch</UnitsName>
            <UnitsType>Pressure/Stress</UnitsType>
            <UnitsAbbreviation>psi</UnitsAbbreviation>
        </Record>
        <Record>
            <UnitsID>92</UnitsID>
            <UnitsName>torr</UnitsName>
            <UnitsType>Pressure/Stress</UnitsType>
            <UnitsAbbreviation>torr</UnitsAbbreviation>
        </Record>
        <Record>
            <UnitsID>93</UnitsID>
            <UnitsName>barie</UnitsName>
            <UnitsType>Pressure/Stress</UnitsType>
            <UnitsAbbreviation>barie</UnitsAbbreviation>
        </Record>
        <Record>
            <UnitsID>94</UnitsID>
            <UnitsName>meters per pixel</UnitsName>
            <UnitsType>Resolution</UnitsType>
            <UnitsAbbreviation>meters per pixel</UnitsAbbreviation>
        </Record>
        <Record>
            <UnitsID>95</UnitsID>
            <UnitsName>meters per meter</UnitsName>
            <UnitsType>Scale</UnitsType>
            <UnitsAbbreviation>-</UnitsAbbreviation>
        </Record>
        <Record>
            <UnitsID>96</UnitsID>
            <UnitsName>degree celsius</UnitsName>
            <UnitsType>Temperature</UnitsType>
            <UnitsAbbreviation>degC</UnitsAbbreviation>
        </Record>
        <Record>
            <UnitsID>97</UnitsID>
            <UnitsName>degree fahrenheit</UnitsName>
            <UnitsType>Temperature</UnitsType>
            <UnitsAbbreviation>degF</UnitsAbbreviation>
        </Record>
        <Record>
            <UnitsID>98</UnitsID>
            <UnitsName>degree rankine</UnitsName>
            <UnitsType>Temperature</UnitsType>
            <UnitsAbbreviation>degR</UnitsAbbreviation>
        </Record>
        <Record>
            <UnitsID>99</UnitsID>
            <UnitsName>degree kelvin</UnitsName>
            <UnitsType>Temperature</UnitsType>
            <UnitsAbbreviation>degK</UnitsAbbreviation>
        </Record>
        <Record>
            <UnitsID>100</UnitsID>
            <UnitsName>second</UnitsName>
            <UnitsType>Time</UnitsType>
            <UnitsAbbreviation>s</UnitsAbbreviation>
        </Record>
        <Record>
            <UnitsID>101</UnitsID>
            <UnitsName>millisecond</UnitsName>
            <UnitsType>Time</UnitsType>
            <UnitsAbbreviation>millisec</UnitsAbbreviation>
        </Record>
        <Record>
            <UnitsID>102</UnitsID>
            <UnitsName>minute</UnitsName>
            <UnitsType>Time</UnitsType>
            <UnitsAbbreviation>min</UnitsAbbreviation>
        </Record>
        <Record>
            <UnitsID>103</UnitsID>
            <UnitsName>hour</UnitsName>
            <UnitsType>Time</UnitsType>
            <UnitsAbbreviation>hr</UnitsAbbreviation>
        </Record>
        <Record>
            <UnitsID>104</UnitsID>
            <UnitsName>day</UnitsName>
            <UnitsType>Time</UnitsType>
            <UnitsAbbreviation>d</UnitsAbbreviation>
        </Record>
        <Record>
            <UnitsID>105</UnitsID>
            <UnitsName>week</UnitsName>
            <UnitsType>Time</UnitsType>
            <UnitsAbbreviation>week</UnitsAbbreviation>
        </Record>
        <Record>
            <UnitsID>106</UnitsID>
            <UnitsName>month</UnitsName>
            <UnitsType>Time</UnitsType>
            <UnitsAbbreviation>month</UnitsAbbreviation>
        </Record>
        <Record>
            <UnitsID>107</UnitsID>
            <UnitsName>common year (365 days)</UnitsName>
            <UnitsType>Time</UnitsType>
            <UnitsAbbreviation>yr</UnitsAbbreviation>
        </Record>
        <Record>
            <UnitsID>108</UnitsID>
            <UnitsName>leap year (366 days)</UnitsName>
            <UnitsType>Time</UnitsType>
            <UnitsAbbreviation>leap yr</UnitsAbbreviation>
        </Record>
        <Record>
            <UnitsID>109</UnitsID>
            <UnitsName>Julian year (365.25 days)</UnitsName>
            <UnitsType>Time</UnitsType>
            <UnitsAbbreviation>jul yr</UnitsAbbreviation>
        </Record>
        <Record>
            <UnitsID>110</UnitsID>
            <UnitsName>Gregorian year (365.2425 days)</UnitsName>
            <UnitsType>Time</UnitsType>
            <UnitsAbbreviation>greg yr</UnitsAbbreviation>
        </Record>
        <Record>
            <UnitsID>111</UnitsID>
            <UnitsName>centimeters per hour</UnitsName>
            <UnitsType>Velocity</UnitsType>
            <UnitsAbbreviation>cm/hr</UnitsAbbreviation>
        </Record>
        <Record>
            <UnitsID>112</UnitsID>
            <UnitsName>centimeters per second</UnitsName>
            <UnitsType>Velocity</UnitsType>
            <UnitsAbbreviation>cm/s</UnitsAbbreviation>
        </Record>
        <Record>
            <UnitsID>113</UnitsID>
            <UnitsName>feet per second</UnitsName>
            <UnitsType>Velocity</UnitsType>
            <UnitsAbbreviation>ft/s</UnitsAbbreviation>
        </Record>
        <Record>
            <UnitsID>114</UnitsID>
            <UnitsName>gallons per day per square foot</UnitsName>
            <UnitsType>Velocity</UnitsType>
            <UnitsAbbreviation>gpd/ft^2</UnitsAbbreviation>
        </Record>
        <Record>
            <UnitsID>115</UnitsID>
            <UnitsName>inches per hour</UnitsName>
            <UnitsType>Velocity</UnitsType>
            <UnitsAbbreviation>in/hr</UnitsAbbreviation>
        </Record>
        <Record>
            <UnitsID>116</UnitsID>
            <UnitsName>kilometers per hour</UnitsName>
            <UnitsType>Velocity</UnitsType>
            <UnitsAbbreviation>km/h</UnitsAbbreviation>
        </Record>
        <Record>
            <UnitsID>117</UnitsID>
            <UnitsName>meters per day</UnitsName>
            <UnitsType>Velocity</UnitsType>
            <UnitsAbbreviation>m/d</UnitsAbbreviation>
        </Record>
        <Record>
            <UnitsID>118</UnitsID>
            <UnitsName>meters per hour</UnitsName>
            <UnitsType>Velocity</UnitsType>
            <UnitsAbbreviation>m/hr</UnitsAbbreviation>
        </Record>
        <Record>
            <UnitsID>119</UnitsID>
            <UnitsName>meters per second</UnitsName>
            <UnitsType>Velocity</UnitsType>
            <UnitsAbbreviation>m/s</UnitsAbbreviation>
        </Record>
        <Record>
            <UnitsID>120</UnitsID>
            <UnitsName>miles per hour</UnitsName>
            <UnitsType>Velocity</UnitsType>
            <UnitsAbbreviation>mph</UnitsAbbreviation>
        </Record>
        <Record>
            <UnitsID>121</UnitsID>
            <UnitsName>millimeters per hour</UnitsName>
            <UnitsType>Velocity</UnitsType>
            <UnitsAbbreviation>mm/hr</UnitsAbbreviation>
        </Record>
        <Record>
            <UnitsID>122</UnitsID>
            <UnitsName>nautical mile per hour</UnitsName>
            <UnitsType>Velocity</UnitsType>
            <UnitsAbbreviation>knot</UnitsAbbreviation>
        </Record>
        <Record>
            <UnitsID>123</UnitsID>
            <UnitsName>acre foot</UnitsName>
            <UnitsType>Volume</UnitsType>
            <UnitsAbbreviation>ac ft</UnitsAbbreviation>
        </Record>
        <Record>
            <UnitsID>124</UnitsID>
            <UnitsName>cubic centimeter</UnitsName>
            <UnitsType>Volume</UnitsType>
            <UnitsAbbreviation>cc</UnitsAbbreviation>
        </Record>
        <Record>
            <UnitsID>125</UnitsID>
            <UnitsName>cubic foot</UnitsName>
            <UnitsType>Volume</UnitsType>
            <UnitsAbbreviation>ft^3</UnitsAbbreviation>
        </Record>
        <Record>
            <UnitsID>126</UnitsID>
            <UnitsName>cubic meter</UnitsName>
            <UnitsType>Volume</UnitsType>
            <UnitsAbbreviation>m^3</UnitsAbbreviation>
        </Record>
        <Record>
            <UnitsID>127</UnitsID>
            <UnitsName>hectare meter</UnitsName>
            <UnitsType>Volume</UnitsType>
            <UnitsAbbreviation>hec m</UnitsAbbreviation>
        </Record>
        <Record>
            <UnitsID>128</UnitsID>
            <UnitsName>liter</UnitsName>
            <UnitsType>Volume</UnitsType>
            <UnitsAbbreviation>L</UnitsAbbreviation>
        </Record>
        <Record>
            <UnitsID>129</UnitsID>
            <UnitsName>US gallon</UnitsName>
            <UnitsType>Volume</UnitsType>
            <UnitsAbbreviation>gal</UnitsAbbreviation>
        </Record>
        <Record>
            <UnitsID>130</UnitsID>
            <UnitsName>barrel</UnitsName>
            <UnitsType>Volume</UnitsType>
            <UnitsAbbreviation>bbl</UnitsAbbreviation>
        </Record>
        <Record>
            <UnitsID>131</UnitsID>
            <UnitsName>pint</UnitsName>
            <UnitsType>Volume</UnitsType>
            <UnitsAbbreviation>pt</UnitsAbbreviation>
        </Record>
        <Record>
            <UnitsID>132</UnitsID>
            <UnitsName>bushel</UnitsName>
            <UnitsType>Volume</UnitsType>
            <UnitsAbbreviation>bu</UnitsAbbreviation>
        </Record>
        <Record>
            <UnitsID>133</UnitsID>
            <UnitsName>teaspoon</UnitsName>
            <UnitsType>Volume</UnitsType>
            <UnitsAbbreviation>tsp</UnitsAbbreviation>
        </Record>
        <Record>
            <UnitsID>134</UnitsID>
            <UnitsName>tablespoon</UnitsName>
            <UnitsType>Volume</UnitsType>
            <UnitsAbbreviation>tbsp</UnitsAbbreviation>
        </Record>
        <Record>
            <UnitsID>135</UnitsID>
            <UnitsName>quart</UnitsName>
            <UnitsType>Volume</UnitsType>
            <UnitsAbbreviation>qrt</UnitsAbbreviation>
        </Record>
        <Record>
            <UnitsID>136</UnitsID>
            <UnitsName>ounce</UnitsName>
            <UnitsType>Volume</UnitsType>
            <UnitsAbbreviation>oz</UnitsAbbreviation>
        </Record>
        <Record>
            <UnitsID>137</UnitsID>
            <UnitsName>dimensionless</UnitsName>
            <UnitsType>Dimensionless</UnitsType>
            <UnitsAbbreviation>-</UnitsAbbreviation>
        </Record>
        <Record>
            <UnitsID>138</UnitsID>
            <UnitsName>mega joule</UnitsName>
            <UnitsType>Energy</UnitsType>
            <UnitsAbbreviation>MJ</UnitsAbbreviation>
        </Record>
        <Record>
            <UnitsID>139</UnitsID>
            <UnitsName>degrees minutes seconds</UnitsName>
            <UnitsType>Angle</UnitsType>
            <UnitsAbbreviation>dddmmss</UnitsAbbreviation>
        </Record>
        <Record>
            <UnitsID>140</UnitsID>
            <UnitsName>calories per square centimeter per day</UnitsName>
            <UnitsType>Energy Flux</UnitsType>
            <UnitsAbbreviation>cal/cm^2 d</UnitsAbbreviation>
        </Record>
        <Record>
            <UnitsID>141</UnitsID>
            <UnitsName>calories per square centimeter per minute</UnitsName>
            <UnitsType>Energy Flux</UnitsType>
            <UnitsAbbreviation>cal/cm^2 min</UnitsAbbreviation>
        </Record>
        <Record>
            <UnitsID>142</UnitsID>
            <UnitsName>milliliters per square centimeter per day</UnitsName>
            <UnitsType>Hyporheic flux</UnitsType>
            <UnitsAbbreviation>ml/cm^2 d</UnitsAbbreviation>
        </Record>
        <Record>
            <UnitsID>143</UnitsID>
            <UnitsName>micromoles per square meter per second</UnitsName>
            <UnitsType>Areal Flux</UnitsType>
            <UnitsAbbreviation>umol/m^2 s</UnitsAbbreviation>
        </Record>
        <Record>
            <UnitsID>144</UnitsID>
            <UnitsName>megajoules per square meter</UnitsName>
            <UnitsType>Energy per Area</UnitsType>
            <UnitsAbbreviation>MJ/m^2</UnitsAbbreviation>
        </Record>
        <Record>
            <UnitsID>145</UnitsID>
            <UnitsName>gallons per day</UnitsName>
            <UnitsType>Flow</UnitsType>
            <UnitsAbbreviation>gpd</UnitsAbbreviation>
        </Record>
        <Record>
            <UnitsID>146</UnitsID>
            <UnitsName>million gallons per month</UnitsName>
            <UnitsType>Flow</UnitsType>
            <UnitsAbbreviation>MGM</UnitsAbbreviation>
        </Record>
        <Record>
            <UnitsID>147</UnitsID>
            <UnitsName>million gallons per year</UnitsName>
            <UnitsType>Flow</UnitsType>
            <UnitsAbbreviation>MGY</UnitsAbbreviation>
        </Record>
        <Record>
            <UnitsID>148</UnitsID>
            <UnitsName>short tons per day per foot</UnitsName>
            <UnitsType>Mass flow per unit width</UnitsType>
            <UnitsAbbreviation>ton/d ft</UnitsAbbreviation>
        </Record>
        <Record>
            <UnitsID>149</UnitsID>
            <UnitsName>lumens per square foot</UnitsName>
            <UnitsType>Light Intensity</UnitsType>
            <UnitsAbbreviation>lm/ft^2</UnitsAbbreviation>
        </Record>
        <Record>
            <UnitsID>150</UnitsID>
            <UnitsName>microeinsteins per square meter per second</UnitsName>
            <UnitsType>Light Intensity</UnitsType>
            <UnitsAbbreviation>uE/m^2 s</UnitsAbbreviation>
        </Record>
        <Record>
            <UnitsID>151</UnitsID>
            <UnitsName>alphas per meter</UnitsName>
            <UnitsType>Light</UnitsType>
            <UnitsAbbreviation>a/m</UnitsAbbreviation>
        </Record>
        <Record>
            <UnitsID>152</UnitsID>
            <UnitsName>microeinsteins per square meter</UnitsName>
            <UnitsType>Light</UnitsType>
            <UnitsAbbreviation>uE/m^2</UnitsAbbreviation>
        </Record>
        <Record>
            <UnitsID>153</UnitsID>
            <UnitsName>millimoles of photons per square meter</UnitsName>
            <UnitsType>Light</UnitsType>
            <UnitsAbbreviation>mmol/m^2</UnitsAbbreviation>
        </Record>
        <Record>
            <UnitsID>154</UnitsID>
            <UnitsName>absorbance per centimeter</UnitsName>
            <UnitsType>Extinction/Absorbance</UnitsType>
            <UnitsAbbreviation>A/cm</UnitsAbbreviation>
        </Record>
        <Record>
            <UnitsID>155</UnitsID>
            <UnitsName>nanogram</UnitsName>
            <UnitsType>Mass</UnitsType>
            <UnitsAbbreviation>ng</UnitsAbbreviation>
        </Record>
        <Record>
            <UnitsID>156</UnitsID>
            <UnitsName>picogram</UnitsName>
            <UnitsType>Mass</UnitsType>
            <UnitsAbbreviation>pg</UnitsAbbreviation>
        </Record>
        <Record>
            <UnitsID>157</UnitsID>
            <UnitsName>milliequivalents</UnitsName>
            <UnitsType>Mass</UnitsType>
            <UnitsAbbreviation>meq</UnitsAbbreviation>
        </Record>
        <Record>
            <UnitsID>158</UnitsID>
            <UnitsName>grams per square meter</UnitsName>
            <UnitsType>Areal Density</UnitsType>
            <UnitsAbbreviation>g/m^2</UnitsAbbreviation>
        </Record>
        <Record>
            <UnitsID>159</UnitsID>
            <UnitsName>milligrams per square meter</UnitsName>
            <UnitsType>Areal Density</UnitsType>
            <UnitsAbbreviation>mg/m^2</UnitsAbbreviation>
        </Record>
        <Record>
            <UnitsID>160</UnitsID>
            <UnitsName>micrograms per square meter</UnitsName>
            <UnitsType>Areal Density</UnitsType>
            <UnitsAbbreviation>ug/m^2</UnitsAbbreviation>
        </Record>
        <Record>
            <UnitsID>161</UnitsID>
            <UnitsName>grams per square meter per day</UnitsName>
            <UnitsType>Areal Loading</UnitsType>
            <UnitsAbbreviation>g/m^2 d</UnitsAbbreviation>
        </Record>
        <Record>
            <UnitsID>162</UnitsID>
            <UnitsName>grams per day</UnitsName>
            <UnitsType>Loading</UnitsType>
            <UnitsAbbreviation>g/d</UnitsAbbreviation>
        </Record>
        <Record>
            <UnitsID>163</UnitsID>
            <UnitsName>pounds per day</UnitsName>
            <UnitsType>Loading</UnitsType>
            <UnitsAbbreviation>lb/d</UnitsAbbreviation>
        </Record>
        <Record>
            <UnitsID>164</UnitsID>
            <UnitsName>pounds per mile</UnitsName>
            <UnitsType>Loading</UnitsType>
            <UnitsAbbreviation>lb/mi</UnitsAbbreviation>
        </Record>
        <Record>
            <UnitsID>165</UnitsID>
            <UnitsName>short tons per day</UnitsName>
            <UnitsType>Loading</UnitsType>
            <UnitsAbbreviation>ton/d</UnitsAbbreviation>
        </Record>
        <Record>
            <UnitsID>166</UnitsID>
            <UnitsName>milligrams per cubic meter per day</UnitsName>
            <UnitsType>Productivity</UnitsType>
            <UnitsAbbreviation>mg/m^3 d</UnitsAbbreviation>
        </Record>
        <Record>
            <UnitsID>167</UnitsID>
            <UnitsName>milligrams per square meter per day</UnitsName>
            <UnitsType>Productivity</UnitsType>
            <UnitsAbbreviation>mg/m^2 d</UnitsAbbreviation>
        </Record>
        <Record>
            <UnitsID>168</UnitsID>
            <UnitsName>volts</UnitsName>
            <UnitsType>Potential Difference</UnitsType>
            <UnitsAbbreviation>V</UnitsAbbreviation>
        </Record>
        <Record>
            <UnitsID>169</UnitsID>
            <UnitsName>millivolts</UnitsName>
            <UnitsType>Potential Difference</UnitsType>
            <UnitsAbbreviation>mV</UnitsAbbreviation>
        </Record>
        <Record>
            <UnitsID>170</UnitsID>
            <UnitsName>kilopascal</UnitsName>
            <UnitsType>Pressure/Stress</UnitsType>
            <UnitsAbbreviation>kPa</UnitsAbbreviation>
        </Record>
        <Record>
            <UnitsID>171</UnitsID>
            <UnitsName>megapascal</UnitsName>
            <UnitsType>Pressure/Stress</UnitsType>
            <UnitsAbbreviation>MPa</UnitsAbbreviation>
        </Record>
        <Record>
            <UnitsID>172</UnitsID>
            <UnitsName>becquerel</UnitsName>
            <UnitsType>Radioactivity</UnitsType>
            <UnitsAbbreviation>Bq</UnitsAbbreviation>
        </Record>
        <Record>
            <UnitsID>173</UnitsID>
            <UnitsName>becquerels per gram</UnitsName>
            <UnitsType>Radioactivity</UnitsType>
            <UnitsAbbreviation>Bq/g</UnitsAbbreviation>
        </Record>
        <Record>
            <UnitsID>174</UnitsID>
            <UnitsName>curie</UnitsName>
            <UnitsType>Radioactivity</UnitsType>
            <UnitsAbbreviation>Ci</UnitsAbbreviation>
        </Record>
        <Record>
            <UnitsID>175</UnitsID>
            <UnitsName>picocurie</UnitsName>
            <UnitsType>Radioactivity</UnitsType>
            <UnitsAbbreviation>pCi</UnitsAbbreviation>
        </Record>
        <Record>
            <UnitsID>176</UnitsID>
            <UnitsName>ohm</UnitsName>
            <UnitsType>Resistance</UnitsType>
            <UnitsAbbreviation>ohm</UnitsAbbreviation>
        </Record>
        <Record>
            <UnitsID>177</UnitsID>
            <UnitsName>ohm meter</UnitsName>
            <UnitsType>Resistivity</UnitsType>
            <UnitsAbbreviation>ohm m</UnitsAbbreviation>
        </Record>
        <Record>
            <UnitsID>178</UnitsID>
            <UnitsName>picocuries per gram</UnitsName>
            <UnitsType>Specific Activity</UnitsType>
            <UnitsAbbreviation>pCi/g</UnitsAbbreviation>
        </Record>
        <Record>
            <UnitsID>179</UnitsID>
            <UnitsName>picocuries per liter</UnitsName>
            <UnitsType>Specific Activity</UnitsType>
            <UnitsAbbreviation>pCi/L</UnitsAbbreviation>
        </Record>
        <Record>
            <UnitsID>180</UnitsID>
            <UnitsName>picocuries per milliliter</UnitsName>
            <UnitsType>Specific Activity</UnitsType>
            <UnitsAbbreviation>pCi/ml</UnitsAbbreviation>
        </Record>
        <Record>
            <UnitsID>181</UnitsID>
            <UnitsName>hour minute</UnitsName>
            <UnitsType>Time</UnitsType>
            <UnitsAbbreviation>hhmm</UnitsAbbreviation>
        </Record>
        <Record>
            <UnitsID>182</UnitsID>
            <UnitsName>year month day</UnitsName>
            <UnitsType>Time</UnitsType>
            <UnitsAbbreviation>yymmdd</UnitsAbbreviation>
        </Record>
        <Record>
            <UnitsID>183</UnitsID>
            <UnitsName>year day (Julian)</UnitsName>
            <UnitsType>Time</UnitsType>
            <UnitsAbbreviation>yyddd</UnitsAbbreviation>
        </Record>
        <Record>
            <UnitsID>184</UnitsID>
            <UnitsName>inches per day</UnitsName>
            <UnitsType>Velocity</UnitsType>
            <UnitsAbbreviation>in/d</UnitsAbbreviation>
        </Record>
        <Record>
            <UnitsID>185</UnitsID>
            <UnitsName>inches per week</UnitsName>
            <UnitsType>Velocity</UnitsType>
            <UnitsAbbreviation>in/week</UnitsAbbreviation>
        </Record>
        <Record>
            <UnitsID>186</UnitsID>
            <UnitsName>inches per storm</UnitsName>
            <UnitsType>Precipitation</UnitsType>
            <UnitsAbbreviation>in/storm</UnitsAbbreviation>
        </Record>
        <Record>
            <UnitsID>187</UnitsID>
            <UnitsName>thousand acre feet</UnitsName>
            <UnitsType>Volume</UnitsType>
            <UnitsAbbreviation>10^3 ac ft</UnitsAbbreviation>
        </Record>
        <Record>
            <UnitsID>188</UnitsID>
            <UnitsName>milliliter</UnitsName>
            <UnitsType>Volume</UnitsType>
            <UnitsAbbreviation>ml</UnitsAbbreviation>
        </Record>
        <Record>
            <UnitsID>189</UnitsID>
            <UnitsName>cubic feet per second days</UnitsName>
            <UnitsType>Volume</UnitsType>
            <UnitsAbbreviation>cfs d</UnitsAbbreviation>
        </Record>
        <Record>
            <UnitsID>190</UnitsID>
            <UnitsName>thousand gallons</UnitsName>
            <UnitsType>Volume</UnitsType>
            <UnitsAbbreviation>10^3 gal</UnitsAbbreviation>
        </Record>
        <Record>
            <UnitsID>191</UnitsID>
            <UnitsName>million gallons</UnitsName>
            <UnitsType>Volume</UnitsType>
            <UnitsAbbreviation>10^6 gal</UnitsAbbreviation>
        </Record>
        <Record>
            <UnitsID>192</UnitsID>
            <UnitsName>microsiemens per centimeter</UnitsName>
            <UnitsType>Electrical Conductivity</UnitsType>
            <UnitsAbbreviation>uS/cm</UnitsAbbreviation>
        </Record>
        <Record>
            <UnitsID>193</UnitsID>
            <UnitsName>practical salinity units </UnitsName>
            <UnitsType>Salinity</UnitsType>
            <UnitsAbbreviation>psu</UnitsAbbreviation>
        </Record>
        <Record>
            <UnitsID>194</UnitsID>
            <UnitsName>decibel</UnitsName>
            <UnitsType>Sound</UnitsType>
            <UnitsAbbreviation>dB</UnitsAbbreviation>
        </Record>
        <Record>
            <UnitsID>195</UnitsID>
            <UnitsName>cubic centimeters per gram</UnitsName>
            <UnitsType>Specific Volume</UnitsType>
            <UnitsAbbreviation>cm^3/g</UnitsAbbreviation>
        </Record>
        <Record>
            <UnitsID>196</UnitsID>
            <UnitsName>square meters per gram</UnitsName>
            <UnitsType>Specific Surface Area </UnitsType>
            <UnitsAbbreviation>m^2/g</UnitsAbbreviation>
        </Record>
        <Record>
            <UnitsID>197</UnitsID>
            <UnitsName>short tons per acre foot</UnitsName>
            <UnitsType>Concentration</UnitsType>
            <UnitsAbbreviation>ton/ac ft</UnitsAbbreviation>
        </Record>
        <Record>
            <UnitsID>198</UnitsID>
            <UnitsName>grams per cubic centimeter</UnitsName>
            <UnitsType>Concentration</UnitsType>
            <UnitsAbbreviation>g/cm^3</UnitsAbbreviation>
        </Record>
        <Record>
            <UnitsID>199</UnitsID>
            <UnitsName>milligrams per liter</UnitsName>
            <UnitsType>Concentration</UnitsType>
            <UnitsAbbreviation>mg/L</UnitsAbbreviation>
        </Record>
        <Record>
            <UnitsID>200</UnitsID>
            <UnitsName>nanograms per cubic meter</UnitsName>
            <UnitsType>Concentration</UnitsType>
            <UnitsAbbreviation>ng/m^3</UnitsAbbreviation>
        </Record>
        <Record>
            <UnitsID>201</UnitsID>
            <UnitsName>nanograms per liter</UnitsName>
            <UnitsType>Concentration</UnitsType>
            <UnitsAbbreviation>ng/L</UnitsAbbreviation>
        </Record>
        <Record>
            <UnitsID>202</UnitsID>
            <UnitsName>grams per liter</UnitsName>
            <UnitsType>Concentration</UnitsType>
            <UnitsAbbreviation>g/L</UnitsAbbreviation>
        </Record>
        <Record>
            <UnitsID>203</UnitsID>
            <UnitsName>micrograms per cubic meter</UnitsName>
            <UnitsType>Concentration</UnitsType>
            <UnitsAbbreviation>ug/m^3</UnitsAbbreviation>
        </Record>
        <Record>
            <UnitsID>204</UnitsID>
            <UnitsName>micrograms per liter</UnitsName>
            <UnitsType>Concentration</UnitsType>
            <UnitsAbbreviation>ug/L</UnitsAbbreviation>
        </Record>
        <Record>
            <UnitsID>205</UnitsID>
            <UnitsName>parts per million</UnitsName>
            <UnitsType>Concentration</UnitsType>
            <UnitsAbbreviation>ppm</UnitsAbbreviation>
        </Record>
        <Record>
            <UnitsID>206</UnitsID>
            <UnitsName>parts per billion</UnitsName>
            <UnitsType>Concentration</UnitsType>
            <UnitsAbbreviation>ppb</UnitsAbbreviation>
        </Record>
        <Record>
            <UnitsID>207</UnitsID>
            <UnitsName>parts per trillion</UnitsName>
            <UnitsType>Concentration</UnitsType>
            <UnitsAbbreviation>ppt</UnitsAbbreviation>
        </Record>
        <Record>
            <UnitsID>208</UnitsID>
            <UnitsName>parts per quintillion</UnitsName>
            <UnitsType>Concentration</UnitsType>
            <UnitsAbbreviation>ppqt</UnitsAbbreviation>
        </Record>
        <Record>
            <UnitsID>209</UnitsID>
            <UnitsName>parts per quadrillion</UnitsName>
            <UnitsType>Concentration</UnitsType>
            <UnitsAbbreviation>ppq</UnitsAbbreviation>
        </Record>
        <Record>
            <UnitsID>210</UnitsID>
            <UnitsName>per mille</UnitsName>
            <UnitsType>Concentration</UnitsType>
            <UnitsAbbreviation>%o</UnitsAbbreviation>
        </Record>
        <Record>
            <UnitsID>211</UnitsID>
            <UnitsName>microequivalents per liter</UnitsName>
            <UnitsType>Concentration</UnitsType>
            <UnitsAbbreviation>ueq/L</UnitsAbbreviation>
        </Record>
        <Record>
            <UnitsID>212</UnitsID>
            <UnitsName>milliequivalents per liter</UnitsName>
            <UnitsType>Concentration</UnitsType>
            <UnitsAbbreviation>meq/L</UnitsAbbreviation>
        </Record>
        <Record>
            <UnitsID>213</UnitsID>
            <UnitsName>milliequivalents per 100 gram</UnitsName>
            <UnitsType>Concentration</UnitsType>
            <UnitsAbbreviation>meq/100 g</UnitsAbbreviation>
        </Record>
        <Record>
            <UnitsID>214</UnitsID>
            <UnitsName>milliosmols per kilogram</UnitsName>
            <UnitsType>Concentration</UnitsType>
            <UnitsAbbreviation>mOsm/kg</UnitsAbbreviation>
        </Record>
        <Record>
            <UnitsID>215</UnitsID>
            <UnitsName>nanomoles per liter</UnitsName>
            <UnitsType>Concentration</UnitsType>
            <UnitsAbbreviation>nmol/L</UnitsAbbreviation>
        </Record>
        <Record>
            <UnitsID>216</UnitsID>
            <UnitsName>picograms per cubic meter</UnitsName>
            <UnitsType>Concentration</UnitsType>
            <UnitsAbbreviation>pg/m^3</UnitsAbbreviation>
        </Record>
        <Record>
            <UnitsID>217</UnitsID>
            <UnitsName>picograms per liter</UnitsName>
            <UnitsType>Concentration</UnitsType>
            <UnitsAbbreviation>pg/L</UnitsAbbreviation>
        </Record>
        <Record>
            <UnitsID>218</UnitsID>
            <UnitsName>picograms per milliliter</UnitsName>
            <UnitsType>Concentration</UnitsType>
            <UnitsAbbreviation>pg/ml</UnitsAbbreviation>
        </Record>
        <Record>
            <UnitsID>219</UnitsID>
            <UnitsName>tritium units</UnitsName>
            <UnitsType>Concentration</UnitsType>
            <UnitsAbbreviation>TU</UnitsAbbreviation>
        </Record>
        <Record>
            <UnitsID>220</UnitsID>
            <UnitsName>jackson turbidity units</UnitsName>
            <UnitsType>Turbidity</UnitsType>
            <UnitsAbbreviation>JTU</UnitsAbbreviation>
        </Record>
        <Record>
            <UnitsID>221</UnitsID>
            <UnitsName>nephelometric turbidity units</UnitsName>
            <UnitsType>Turbidity</UnitsType>
            <UnitsAbbreviation>NTU</UnitsAbbreviation>
        </Record>
        <Record>
            <UnitsID>222</UnitsID>
            <UnitsName>nephelometric turbidity multibeam unit</UnitsName>
            <UnitsType>Turbidity</UnitsType>
            <UnitsAbbreviation>NTMU</UnitsAbbreviation>
        </Record>
        <Record>
            <UnitsID>223</UnitsID>
            <UnitsName>nephelometric turbidity ratio unit</UnitsName>
            <UnitsType>Turbidity</UnitsType>
            <UnitsAbbreviation>NTRU</UnitsAbbreviation>
        </Record>
        <Record>
            <UnitsID>224</UnitsID>
            <UnitsName>formazin nephelometric multibeam unit</UnitsName>
            <UnitsType>Turbidity</UnitsType>
            <UnitsAbbreviation>FNMU</UnitsAbbreviation>
        </Record>
        <Record>
            <UnitsID>225</UnitsID>
            <UnitsName>formazin nephelometric ratio unit</UnitsName>
            <UnitsType>Turbidity</UnitsType>
            <UnitsAbbreviation>FNRU</UnitsAbbreviation>
        </Record>
        <Record>
            <UnitsID>226</UnitsID>
            <UnitsName>formazin nephelometric unit</UnitsName>
            <UnitsType>Turbidity</UnitsType>
            <UnitsAbbreviation>FNU</UnitsAbbreviation>
        </Record>
        <Record>
            <UnitsID>227</UnitsID>
            <UnitsName>formazin attenuation unit</UnitsName>
            <UnitsType>Turbidity</UnitsType>
            <UnitsAbbreviation>FAU</UnitsAbbreviation>
        </Record>
        <Record>
            <UnitsID>228</UnitsID>
            <UnitsName>formazin backscatter unit </UnitsName>
            <UnitsType>Turbidity</UnitsType>
            <UnitsAbbreviation>FBU</UnitsAbbreviation>
        </Record>
        <Record>
            <UnitsID>229</UnitsID>
            <UnitsName>backscatter units</UnitsName>
            <UnitsType>Turbidity</UnitsType>
            <UnitsAbbreviation>BU</UnitsAbbreviation>
        </Record>
        <Record>
            <UnitsID>230</UnitsID>
            <UnitsName>attenuation units</UnitsName>
            <UnitsType>Turbidity</UnitsType>
            <UnitsAbbreviation>AU</UnitsAbbreviation>
        </Record>
        <Record>
            <UnitsID>231</UnitsID>
            <UnitsName>platinum cobalt units</UnitsName>
            <UnitsType>Color</UnitsType>
            <UnitsAbbreviation>PCU</UnitsAbbreviation>
        </Record>
        <Record>
            <UnitsID>232</UnitsID>
            <UnitsName>the ratio between UV absorbance at 254 nm and DOC level</UnitsName>
            <UnitsType>Specific UV Absorbance</UnitsType>
            <UnitsAbbreviation>L/(mg DOC/cm)</UnitsAbbreviation>
        </Record>
        <Record>
            <UnitsID>233</UnitsID>
            <UnitsName>billion colonies per day</UnitsName>
            <UnitsType>Organism Loading</UnitsType>
            <UnitsAbbreviation>10^9 colonies/d</UnitsAbbreviation>
        </Record>
        <Record>
            <UnitsID>234</UnitsID>
            <UnitsName>number of organisms per square meter</UnitsName>
            <UnitsType>Organism Concentration</UnitsType>
            <UnitsAbbreviation>#/m^2</UnitsAbbreviation>
        </Record>
        <Record>
            <UnitsID>235</UnitsID>
            <UnitsName>number of organisms per liter</UnitsName>
            <UnitsType>Organism Concentration</UnitsType>
            <UnitsAbbreviation>#/L</UnitsAbbreviation>
        </Record>
        <Record>
            <UnitsID>236</UnitsID>
            <UnitsName>number or organisms per cubic meter</UnitsName>
            <UnitsType>Organism Concentration</UnitsType>
            <UnitsAbbreviation>#/m^3</UnitsAbbreviation>
        </Record>
        <Record>
            <UnitsID>237</UnitsID>
            <UnitsName>cells per milliliter</UnitsName>
            <UnitsType>Organism Concentration</UnitsType>
            <UnitsAbbreviation>cells/ml</UnitsAbbreviation>
        </Record>
        <Record>
            <UnitsID>238</UnitsID>
            <UnitsName>cells per square millimeter</UnitsName>
            <UnitsType>Organism Concentration</UnitsType>
            <UnitsAbbreviation>cells/mm^2</UnitsAbbreviation>
        </Record>
        <Record>
            <UnitsID>239</UnitsID>
            <UnitsName>colonies per 100 milliliters</UnitsName>
            <UnitsType>Organism Concentration</UnitsType>
            <UnitsAbbreviation>colonies/100 ml</UnitsAbbreviation>
        </Record>
        <Record>
            <UnitsID>240</UnitsID>
            <UnitsName>colonies per milliliter</UnitsName>
            <UnitsType>Organism Concentration</UnitsType>
            <UnitsAbbreviation>colonies/ml</UnitsAbbreviation>
        </Record>
        <Record>
            <UnitsID>241</UnitsID>
            <UnitsName>colonies per gram</UnitsName>
            <UnitsType>Organism Concentration</UnitsType>
            <UnitsAbbreviation>colonies/g</UnitsAbbreviation>
        </Record>
        <Record>
            <UnitsID>242</UnitsID>
            <UnitsName>colony forming units per milliliter</UnitsName>
            <UnitsType>Organism Concentration</UnitsType>
            <UnitsAbbreviation>CFU/ml</UnitsAbbreviation>
        </Record>
        <Record>
            <UnitsID>243</UnitsID>
            <UnitsName>cysts per 10 liters</UnitsName>
            <UnitsType>Organism Concentration</UnitsType>
            <UnitsAbbreviation>cysts/10 L</UnitsAbbreviation>
        </Record>
        <Record>
            <UnitsID>244</UnitsID>
            <UnitsName>cysts per 100 liters</UnitsName>
            <UnitsType>Organism Concentration</UnitsType>
            <UnitsAbbreviation>cysts/100 L</UnitsAbbreviation>
        </Record>
        <Record>
            <UnitsID>245</UnitsID>
            <UnitsName>oocysts per 10 liters</UnitsName>
            <UnitsType>Organism Concentration</UnitsType>
            <UnitsAbbreviation>oocysts/10 L</UnitsAbbreviation>
        </Record>
        <Record>
            <UnitsID>246</UnitsID>
            <UnitsName>oocysts per 100 liters</UnitsName>
            <UnitsType>Organism Concentration</UnitsType>
            <UnitsAbbreviation>oocysts/100 L</UnitsAbbreviation>
        </Record>
        <Record>
            <UnitsID>247</UnitsID>
            <UnitsName>most probable number</UnitsName>
            <UnitsType>Organism Concentration</UnitsType>
            <UnitsAbbreviation>MPN</UnitsAbbreviation>
        </Record>
        <Record>
            <UnitsID>248</UnitsID>
            <UnitsName>most probable number per 100 liters</UnitsName>
            <UnitsType>Organism Concentration</UnitsType>
            <UnitsAbbreviation>MPN/100 L</UnitsAbbreviation>
        </Record>
        <Record>
            <UnitsID>249</UnitsID>
            <UnitsName>most probable number per 100 milliliters</UnitsName>
            <UnitsType>Organism Concentration</UnitsType>
            <UnitsAbbreviation>MPN/100 ml</UnitsAbbreviation>
        </Record>
        <Record>
            <UnitsID>250</UnitsID>
            <UnitsName>most probable number per gram</UnitsName>
            <UnitsType>Organism Concentration</UnitsType>
            <UnitsAbbreviation>MPN/g</UnitsAbbreviation>
        </Record>
        <Record>
            <UnitsID>251</UnitsID>
            <UnitsName>plaque-forming units per 100 liters</UnitsName>
            <UnitsType>Organism Concentration</UnitsType>
            <UnitsAbbreviation>PFU/100 L</UnitsAbbreviation>
        </Record>
        <Record>
            <UnitsID>252</UnitsID>
            <UnitsName>plaques per 100 milliliters</UnitsName>
            <UnitsType>Organism Concentration</UnitsType>
            <UnitsAbbreviation>plaques/100 ml</UnitsAbbreviation>
        </Record>
        <Record>
            <UnitsID>253</UnitsID>
            <UnitsName>counts per second</UnitsName>
            <UnitsType>Rate</UnitsType>
            <UnitsAbbreviation>#/s</UnitsAbbreviation>
        </Record>
        <Record>
            <UnitsID>254</UnitsID>
            <UnitsName>per day</UnitsName>
            <UnitsType>Rate</UnitsType>
            <UnitsAbbreviation>1/d</UnitsAbbreviation>
        </Record>
        <Record>
            <UnitsID>255</UnitsID>
            <UnitsName>nanograms per square meter per hour</UnitsName>
            <UnitsType>Volatilization Rate</UnitsType>
            <UnitsAbbreviation>ng/m^2 hr</UnitsAbbreviation>
        </Record>
        <Record>
            <UnitsID>256</UnitsID>
            <UnitsName>nanograms per square meter per week</UnitsName>
            <UnitsType>Volatilization Rate</UnitsType>
            <UnitsAbbreviation>ng/m^2 week</UnitsAbbreviation>
        </Record>
        <Record>
            <UnitsID>257</UnitsID>
            <UnitsName>count</UnitsName>
            <UnitsType>Dimensionless</UnitsType>
            <UnitsAbbreviation>#</UnitsAbbreviation>
        </Record>
        <Record>
            <UnitsID>258</UnitsID>
            <UnitsName>categorical</UnitsName>
            <UnitsType>Dimensionless</UnitsType>
            <UnitsAbbreviation>code</UnitsAbbreviation>
        </Record>
        <Record>
            <UnitsID>259</UnitsID>
            <UnitsName>absorbance per centimeter per mg/L of given acid </UnitsName>
            <UnitsType>Absorbance</UnitsType>
            <UnitsAbbreviation>100/cm mg/L</UnitsAbbreviation>
        </Record>
        <Record>
            <UnitsID>260</UnitsID>
            <UnitsName>per liter</UnitsName>
            <UnitsType>Concentration Ratio</UnitsType>
            <UnitsAbbreviation>1/L</UnitsAbbreviation>
        </Record>
        <Record>
            <UnitsID>261</UnitsID>
            <UnitsName>per mille per hour</UnitsName>
            <UnitsType>Sedimentation Rate</UnitsType>
            <UnitsAbbreviation>%o/hr</UnitsAbbreviation>
        </Record>
        <Record>
            <UnitsID>262</UnitsID>
            <UnitsName>gallons per batch</UnitsName>
            <UnitsType>Flow</UnitsType>
            <UnitsAbbreviation>gpb</UnitsAbbreviation>
        </Record>
        <Record>
            <UnitsID>263</UnitsID>
            <UnitsName>cubic feet per barrel</UnitsName>
            <UnitsType>Concentration</UnitsType>
            <UnitsAbbreviation>ft^3/bbl</UnitsAbbreviation>
        </Record>
        <Record>
            <UnitsID>264</UnitsID>
            <UnitsName>per mille by volume</UnitsName>
            <UnitsType>Concentration</UnitsType>
            <UnitsAbbreviation>%o by vol</UnitsAbbreviation>
        </Record>
        <Record>
            <UnitsID>265</UnitsID>
            <UnitsName>per mille per hour by volume</UnitsName>
            <UnitsType>Sedimentation Rate</UnitsType>
            <UnitsAbbreviation>%o/hr by vol</UnitsAbbreviation>
        </Record>
        <Record>
            <UnitsID>266</UnitsID>
            <UnitsName>micromoles</UnitsName>
            <UnitsType>Amount</UnitsType>
            <UnitsAbbreviation>umol</UnitsAbbreviation>
        </Record>
        <Record>
            <UnitsID>267</UnitsID>
            <UnitsName>tons of calcium carbonate per kiloton</UnitsName>
            <UnitsType>Net Neutralization Potential</UnitsType>
            <UnitsAbbreviation>tCaCO3/Kt</UnitsAbbreviation>
        </Record>
        <Record>
            <UnitsID>268</UnitsID>
            <UnitsName>siemens per meter</UnitsName>
            <UnitsType>Electrical Conductivity</UnitsType>
            <UnitsAbbreviation>S/m</UnitsAbbreviation>
        </Record>
        <Record>
            <UnitsID>269</UnitsID>
            <UnitsName>millisiemens per centimeter</UnitsName>
            <UnitsType>Electrical Conductivity</UnitsType>
            <UnitsAbbreviation>mS/cm</UnitsAbbreviation>
        </Record>
        <Record>
            <UnitsID>270</UnitsID>
            <UnitsName>siemens per centimeter</UnitsName>
            <UnitsType>Electrical Conductivity</UnitsType>
            <UnitsAbbreviation>S/cm</UnitsAbbreviation>
        </Record>
        <Record>
            <UnitsID>271</UnitsID>
            <UnitsName>practical salinity scale</UnitsName>
            <UnitsType>Salinity</UnitsType>
            <UnitsAbbreviation>pss</UnitsAbbreviation>
        </Record>
        <Record>
            <UnitsID>272</UnitsID>
            <UnitsName>per meter</UnitsName>
            <UnitsType>Light Extinction</UnitsType>
            <UnitsAbbreviation>1/m</UnitsAbbreviation>
        </Record>
        <Record>
            <UnitsID>273</UnitsID>
            <UnitsName>normal</UnitsName>
            <UnitsType>Normality</UnitsType>
            <UnitsAbbreviation>N</UnitsAbbreviation>
        </Record>
        <Record>
            <UnitsID>274</UnitsID>
            <UnitsName>nanomoles per kilogram</UnitsName>
            <UnitsType>Concentration</UnitsType>
            <UnitsAbbreviation>nmol/kg</UnitsAbbreviation>
        </Record>
        <Record>
            <UnitsID>275</UnitsID>
            <UnitsName>millimoles per kilogram</UnitsName>
            <UnitsType>Concentration</UnitsType>
            <UnitsAbbreviation>mmol/kg</UnitsAbbreviation>
        </Record>
        <Record>
            <UnitsID>276</UnitsID>
            <UnitsName>millimoles per square meter per hour</UnitsName>
            <UnitsType>Areal Flux</UnitsType>
            <UnitsAbbreviation>mmol/m^2 hr</UnitsAbbreviation>
        </Record>
        <Record>
            <UnitsID>277</UnitsID>
            <UnitsName>milligrams per cubic meter per hour</UnitsName>
            <UnitsType>Productivity</UnitsType>
            <UnitsAbbreviation>mg/m^3 hr</UnitsAbbreviation>
        </Record>
        <Record>
            <UnitsID>278</UnitsID>
            <UnitsName>milligrams per day</UnitsName>
            <UnitsType>Loading</UnitsType>
            <UnitsAbbreviation>mg/d</UnitsAbbreviation>
        </Record>
        <Record>
            <UnitsID>279</UnitsID>
            <UnitsName>liters per minute</UnitsName>
            <UnitsType>Flow</UnitsType>
            <UnitsAbbreviation>L/min</UnitsAbbreviation>
        </Record>
        <Record>
            <UnitsID>280</UnitsID>
            <UnitsName>liters per day</UnitsName>
            <UnitsType>Flow</UnitsType>
            <UnitsAbbreviation>L/d</UnitsAbbreviation>
        </Record>
        <Record>
            <UnitsID>281</UnitsID>
            <UnitsName>jackson candle units </UnitsName>
            <UnitsType>Turbidity</UnitsType>
            <UnitsAbbreviation>JCU</UnitsAbbreviation>
        </Record>
        <Record>
            <UnitsID>282</UnitsID>
            <UnitsName>grains per gallon</UnitsName>
            <UnitsType>Concentration</UnitsType>
            <UnitsAbbreviation>gpg</UnitsAbbreviation>
        </Record>
        <Record>
            <UnitsID>283</UnitsID>
            <UnitsName>gallons per second</UnitsName>
            <UnitsType>Flow</UnitsType>
            <UnitsAbbreviation>gps</UnitsAbbreviation>
        </Record>
        <Record>
            <UnitsID>284</UnitsID>
            <UnitsName>gallons per hour</UnitsName>
            <UnitsType>Flow</UnitsType>
            <UnitsAbbreviation>gph</UnitsAbbreviation>
        </Record>
        <Record>
            <UnitsID>285</UnitsID>
            <UnitsName>foot candle</UnitsName>
            <UnitsType>Illuminance</UnitsType>
            <UnitsAbbreviation>ftc</UnitsAbbreviation>
        </Record>
        <Record>
            <UnitsID>286</UnitsID>
            <UnitsName>fibers per liter</UnitsName>
            <UnitsType>Concentration</UnitsType>
            <UnitsAbbreviation>fibers/L</UnitsAbbreviation>
        </Record>
        <Record>
            <UnitsID>287</UnitsID>
            <UnitsName>drips per minute</UnitsName>
            <UnitsType>Flow</UnitsType>
            <UnitsAbbreviation>drips/min</UnitsAbbreviation>
        </Record>
        <Record>
            <UnitsID>288</UnitsID>
            <UnitsName>cubic centimeters per second</UnitsName>
            <UnitsType>Flow</UnitsType>
            <UnitsAbbreviation>cm^3/sec</UnitsAbbreviation>
        </Record>
        <Record>
            <UnitsID>289</UnitsID>
            <UnitsName>colony forming units</UnitsName>
            <UnitsType>Organism Concentration</UnitsType>
            <UnitsAbbreviation>CFU</UnitsAbbreviation>
        </Record>
        <Record>
            <UnitsID>290</UnitsID>
            <UnitsName>colony forming units per 100 milliliter</UnitsName>
            <UnitsType>Organism Concentration</UnitsType>
            <UnitsAbbreviation>CFU/100 ml</UnitsAbbreviation>
        </Record>
        <Record>
            <UnitsID>291</UnitsID>
            <UnitsName>cubic feet per minute</UnitsName>
            <UnitsType>Flow</UnitsType>
            <UnitsAbbreviation>cfm</UnitsAbbreviation>
        </Record>
        <Record>
            <UnitsID>292</UnitsID>
            <UnitsName>ADMI color unit</UnitsName>
            <UnitsType>Color</UnitsType>
            <UnitsAbbreviation>ADMI</UnitsAbbreviation>
        </Record>
        <Record>
            <UnitsID>293</UnitsID>
            <UnitsName>percent by volume</UnitsName>
            <UnitsType>Concentration</UnitsType>
            <UnitsAbbreviation>% by vol</UnitsAbbreviation>
        </Record>
        <Record>
            <UnitsID>294</UnitsID>
            <UnitsName>number of organisms per 500 milliliter</UnitsName>
            <UnitsType>Organism Concentration</UnitsType>
            <UnitsAbbreviation>#/500 ml</UnitsAbbreviation>
        </Record>
        <Record>
            <UnitsID>295</UnitsID>
            <UnitsName>number of organisms per 100 gallon</UnitsName>
            <UnitsType>Organism Concentration</UnitsType>
            <UnitsAbbreviation>#/100 gal</UnitsAbbreviation>
        </Record>
        <Record>
            <UnitsID>296</UnitsID>
            <UnitsName>grams per cubic meter per hour</UnitsName>
            <UnitsType>Productivity</UnitsType>
            <UnitsAbbreviation>g/m^3 hr</UnitsAbbreviation>
        </Record>
        <Record>
            <UnitsID>297</UnitsID>
            <UnitsName>grams per minute</UnitsName>
            <UnitsType>Loading</UnitsType>
            <UnitsAbbreviation>g/min</UnitsAbbreviation>
        </Record>
        <Record>
            <UnitsID>298</UnitsID>
            <UnitsName>grams per second</UnitsName>
            <UnitsType>Loading</UnitsType>
            <UnitsAbbreviation>g/s</UnitsAbbreviation>
        </Record>
        <Record>
            <UnitsID>299</UnitsID>
            <UnitsName>million cubic feet</UnitsName>
            <UnitsType>Volume</UnitsType>
            <UnitsAbbreviation>10^6 ft^3</UnitsAbbreviation>
        </Record>
        <Record>
            <UnitsID>300</UnitsID>
            <UnitsName>month year</UnitsName>
            <UnitsType>Time</UnitsType>
            <UnitsAbbreviation>mmyy</UnitsAbbreviation>
        </Record>
        <Record>
            <UnitsID>301</UnitsID>
            <UnitsName>bar</UnitsName>
            <UnitsType>Pressure</UnitsType>
            <UnitsAbbreviation>bar</UnitsAbbreviation>
        </Record>
        <Record>
            <UnitsID>302</UnitsID>
            <UnitsName>decisiemens per centimeter</UnitsName>
            <UnitsType>Electrical Conductivity</UnitsType>
            <UnitsAbbreviation>dS/cm</UnitsAbbreviation>
        </Record>
        <Record>
            <UnitsID>303</UnitsID>
            <UnitsName>micromoles per liter</UnitsName>
            <UnitsType>Concentration</UnitsType>
            <UnitsAbbreviation>umol/L</UnitsAbbreviation>
        </Record>
        <Record>
            <UnitsID>304</UnitsID>
            <UnitsName>Joules per square centimeter</UnitsName>
            <UnitsType>Energy per Area</UnitsType>
            <UnitsAbbreviation>J/cm^2</UnitsAbbreviation>
        </Record>
        <Record>
            <UnitsID>305</UnitsID>
            <UnitsName>millimeters per day</UnitsName>
            <UnitsType>velocity</UnitsType>
            <UnitsAbbreviation>mm/day</UnitsAbbreviation>
        </Record>
        <Record>
            <UnitsID>306</UnitsID>
            <UnitsName>parts per thousand</UnitsName>
            <UnitsType>Concentration</UnitsType>
            <UnitsAbbreviation>ppth</UnitsAbbreviation>
        </Record>
        <Record>
            <UnitsID>307</UnitsID>
            <UnitsName>megaliter</UnitsName>
            <UnitsType>Volume</UnitsType>
            <UnitsAbbreviation>ML</UnitsAbbreviation>
        </Record>
        <Record>
            <UnitsID>308</UnitsID>
            <UnitsName>Percent Saturation</UnitsName>
            <UnitsType>Concentration</UnitsType>
            <UnitsAbbreviation>% Sat</UnitsAbbreviation>
        </Record>
        <Record>
            <UnitsID>309</UnitsID>
            <UnitsName>pH Unit</UnitsName>
            <UnitsType>Dimensionless</UnitsType>
            <UnitsAbbreviation>pH</UnitsAbbreviation>
        </Record>
        <Record>
            <UnitsID>310</UnitsID>
            <UnitsName>millimeters per second</UnitsName>
            <UnitsType>Velocity</UnitsType>
            <UnitsAbbreviation>mm/s</UnitsAbbreviation>
        </Record>
        <Record>
            <UnitsID>311</UnitsID>
            <UnitsName>liters per hour</UnitsName>
            <UnitsType>Flow</UnitsType>
            <UnitsAbbreviation>L/hr</UnitsAbbreviation>
        </Record>
        <Record>
            <UnitsID>312</UnitsID>
            <UnitsName>cubic hecto meter</UnitsName>
            <UnitsType>Volume</UnitsType>
            <UnitsAbbreviation>(hm)^3</UnitsAbbreviation>
        </Record>
        <Record>
            <UnitsID>313</UnitsID>
            <UnitsName>mols per cubic meter</UnitsName>
            <UnitsType>Concentration or organism concentration</UnitsType>
            <UnitsAbbreviation>mol/m^3</UnitsAbbreviation>
        </Record>
        <Record>
            <UnitsID>314</UnitsID>
            <UnitsName>kilo grams per month</UnitsName>
            <UnitsType>Loading</UnitsType>
            <UnitsAbbreviation>kg/month</UnitsAbbreviation>
        </Record>
        <Record>
            <UnitsID>315</UnitsID>
            <UnitsName>Hecto Pascal</UnitsName>
            <UnitsType>Pressure/Stress</UnitsType>
            <UnitsAbbreviation>hPa</UnitsAbbreviation>
        </Record>
        <Record>
            <UnitsID>316</UnitsID>
            <UnitsName>kilo grams per cubic meter</UnitsName>
            <UnitsType>Concentration</UnitsType>
            <UnitsAbbreviation>kg/m^3</UnitsAbbreviation>
        </Record>
        <Record>
            <UnitsID>317</UnitsID>
            <UnitsName>short tons per month</UnitsName>
            <UnitsType>Loading</UnitsType>
            <UnitsAbbreviation>ton/month</UnitsAbbreviation>
        </Record>
        <Record>
            <UnitsID>318</UnitsID>
            <UnitsName>grams per square meter per hour</UnitsName>
            <UnitsType>Areal Flux</UnitsType>
            <UnitsAbbreviation>g/m^2 hr</UnitsAbbreviation>
        </Record>
        <Record>
            <UnitsID>319</UnitsID>
            <UnitsName>milligrams per cubic meter</UnitsName>
            <UnitsType>Concentration</UnitsType>
            <UnitsAbbreviation>mg/m^3</UnitsAbbreviation>
        </Record>
        <Record>
            <UnitsID>320</UnitsID>
            <UnitsName>meters squared per second squared</UnitsName>
            <UnitsType>Velocity</UnitsType>
            <UnitsAbbreviation>m^2/s^2</UnitsAbbreviation>
        </Record>
        <Record>
            <UnitsID>321</UnitsID>
            <UnitsName>squared degree Celsius</UnitsName>
            <UnitsType>Temperature</UnitsType>
            <UnitsAbbreviation>(DegC)^2</UnitsAbbreviation>
        </Record>
        <Record>
            <UnitsID>322</UnitsID>
            <UnitsName>milligrams per cubic meter squared</UnitsName>
            <UnitsType>Concentration</UnitsType>
            <UnitsAbbreviation>(mg/m^3)^2</UnitsAbbreviation>
        </Record>
        <Record>
            <UnitsID>323</UnitsID>
            <UnitsName>meters per second degree Celsius</UnitsName>
            <UnitsType>Temperature</UnitsType>
            <UnitsAbbreviation>m/s DegC</UnitsAbbreviation>
        </Record>
        <Record>
            <UnitsID>324</UnitsID>
            <UnitsName>millimoles per square meter per second</UnitsName>
            <UnitsType>Areal Flux</UnitsType>
            <UnitsAbbreviation>mmol/m^2 s</UnitsAbbreviation>
        </Record>
        <Record>
            <UnitsID>325</UnitsID>
            <UnitsName>degree Celsius millimoles per cubic meter</UnitsName>
            <UnitsType>Concentration</UnitsType>
            <UnitsAbbreviation>DegC mmol/m^3</UnitsAbbreviation>
        </Record>
        <Record>
            <UnitsID>326</UnitsID>
            <UnitsName>millimoles per cubic meter</UnitsName>
            <UnitsType>Concentration</UnitsType>
            <UnitsAbbreviation>mmol/m^3</UnitsAbbreviation>
        </Record>
        <Record>
            <UnitsID>327</UnitsID>
            <UnitsName>millimoles per cubic meter squared</UnitsName>
            <UnitsType>Concentration</UnitsType>
            <UnitsAbbreviation>(mmol/m^3)^2</UnitsAbbreviation>
        </Record>
        <Record>
            <UnitsID>328</UnitsID>
            <UnitsName>Langleys per hour</UnitsName>
            <UnitsType>Energy Flux</UnitsType>
            <UnitsAbbreviation>Ly/hr</UnitsAbbreviation>
        </Record>
        <Record>
            <UnitsID>329</UnitsID>
            <UnitsName>hits per square centimeter</UnitsName>
            <UnitsType>Precipitation</UnitsType>
            <UnitsAbbreviation>hits/cm^2</UnitsAbbreviation>
        </Record>
        <Record>
            <UnitsID>330</UnitsID>
            <UnitsName>hits per square centimeter per hour</UnitsName>
            <UnitsType>Velocity</UnitsType>
            <UnitsAbbreviation>hits/cm^2 hr</UnitsAbbreviation>
        </Record>
        <Record>
            <UnitsID>331</UnitsID>
            <UnitsName>relative fluorescence units</UnitsName>
            <UnitsType>Fluorescence</UnitsType>
            <UnitsAbbreviation>RFU</UnitsAbbreviation>
        </Record>
        <Record>
            <UnitsID>332</UnitsID>
            <UnitsName>kilograms per hectare per day</UnitsName>
            <UnitsType>Areal Flux</UnitsType>
            <UnitsAbbreviation>kg/ha d</UnitsAbbreviation>
        </Record>
        <Record>
            <UnitsID>333</UnitsID>
            <UnitsName>kilowatts per square meter</UnitsName>
            <UnitsType>Energy Flux</UnitsType>
            <UnitsAbbreviation>kW/m^2</UnitsAbbreviation>
        </Record>
        <Record>
            <UnitsID>334</UnitsID>
            <UnitsName>kilograms per square meter</UnitsName>
            <UnitsType>Areal Density</UnitsType>
            <UnitsAbbreviation>kg/m^2</UnitsAbbreviation>
        </Record>
        <Record>
            <UnitsID>335</UnitsID>
            <UnitsName>microeinsteins per square meter per day</UnitsName>
            <UnitsType>Light Intensity</UnitsType>
            <UnitsAbbreviation>uE/m^2 d</UnitsAbbreviation>
        </Record>
        <Record>
            <UnitsID>336</UnitsID>
            <UnitsName>microgram per milliliter</UnitsName>
            <UnitsType>Concentration</UnitsType>
            <UnitsAbbreviation>ug/mL</UnitsAbbreviation>
        </Record>
        <Record>
            <UnitsID>337</UnitsID>
            <UnitsName>Newton per square meter</UnitsName>
            <UnitsType>Pressure/Stress</UnitsType>
            <UnitsAbbreviation>Newton/m^2</UnitsAbbreviation>
        </Record>
        <Record>
            <UnitsID>338</UnitsID>
            <UnitsName>micromoles per liter per hour</UnitsName>
            <UnitsType>Pressure/Stress</UnitsType>
            <UnitsAbbreviation>umol/L hr</UnitsAbbreviation>
        </Record>
        <Record>
            <UnitsID>339</UnitsID>
            <UnitsName>decisiemens per meter</UnitsName>
            <UnitsType>Electrical Conductivity</UnitsType>
            <UnitsAbbreviation>dS/m</UnitsAbbreviation>
        </Record>
        <Record>
            <UnitsID>340</UnitsID>
            <UnitsName>milligrams per kilogram</UnitsName>
            <UnitsType>Mass Fraction</UnitsType>
            <UnitsAbbreviation>mg/Kg</UnitsAbbreviation>
        </Record>
        <Record>
            <UnitsID>342</UnitsID>
            <UnitsName>number of organisms per 100 milliliter</UnitsName>
            <UnitsType>Organism Concentration</UnitsType>
            <UnitsAbbreviation>#/100 mL</UnitsAbbreviation>
        </Record>
        <Record>
            <UnitsID>343</UnitsID>
            <UnitsName>micrograms per kilogram</UnitsName>
            <UnitsType>Mass Fraction</UnitsType>
            <UnitsAbbreviation>ug/Kg</UnitsAbbreviation>
        </Record>
        <Record>
            <UnitsID>344</UnitsID>
            <UnitsName>grams per kilogram</UnitsName>
            <UnitsType>Mass Fraction</UnitsType>
            <UnitsAbbreviation>g/Kg</UnitsAbbreviation>
        </Record>
    </Records>
</GetUnitsResponse>
